index,geolocation_zip_code_prefix,geolocation_lat,geolocation_lng,geolocation_city,geolocation_state
0,1037,-23.54562128115268,-46.63929204800168,sao paulo,SP
1,1046,-23.54608112703553,-46.64482029837157,sao paulo,SP
2,1046,-23.54612896641469,-46.64295148361138,sao paulo,SP
3,1041,-23.5443921648681,-46.63949930627844,sao paulo,SP
4,1035,-23.541577961711493,-46.64160722329613,sao paulo,SP
5,1012,-23.547762303364262,-46.63536053788448,são paulo,SP
6,1047,-23.54627311241268,-46.64122516971552,sao paulo,SP
7,1013,-23.546923208436723,-46.6342636964915,sao paulo,SP
8,1029,-23.543769055769133,-46.63427784085132,sao paulo,SP
9,1011,-23.547639550320632,-46.63603162315495,sao paulo,SP
10,1013,-23.547325128224376,-46.63418378613892,sao paulo,SP
11,1032,-23.53841810407414,-46.634778375266734,sao paulo,SP
12,1014,-23.546435343326205,-46.63383023397196,sao paulo,SP
13,1012,-23.548945985189437,-46.63467113292871,sao paulo,SP
14,1037,-23.54518734081604,-46.63785524104107,são paulo,SP
15,1046,-23.54608112703553,-46.64482029837157,sao paulo,SP
16,1039,-23.54188300998332,-46.63991946670314,sao paulo,SP
17,1024,-23.541389521053937,-46.62989908781218,são paulo,SP
18,1009,-23.54693540437998,-46.63658792659698,sao paulo,SP
19,1046,-23.54588427921401,-46.64316319124004,sao paulo,SP
20,1046,-23.545165891770928,-46.643785796266464,sao paulo,SP
21,1020,-23.55223547100232,-46.6284406588955,são paulo,SP
22,1011,-23.546690486964888,-46.6354469588072,são paulo,SP
23,1043,-23.546656718016017,-46.64078762115524,são paulo,SP
24,1050,-23.549773516504185,-46.64559900666509,sao paulo,SP
25,1045,-23.541593762969622,-46.64189378810082,sao paulo,SP
26,1009,-23.545429533441077,-46.63571531432852,sao paulo,SP
27,1007,-23.550392524842728,-46.63730164071784,sao paulo,SP
28,1032,-23.5398418758395,-46.63514797691531,são paulo,SP
29,1041,-23.543539449073783,-46.64057731057763,sao paulo,SP
30,1005,-23.549819091869107,-46.63560588995324,sao paulo,SP
31,1037,-23.54670459977496,-46.64033633250615,são paulo,SP
32,1017,-23.55001091199737,-46.63116636914989,são paulo,SP
33,1046,-23.54532011933758,-46.64406863434122,sao paulo,SP
34,1019,-23.552151883432384,-46.63080224715792,sao paulo,SP
35,1032,-23.540774688874112,-46.63551484303775,sao paulo,SP
36,1017,-23.5492954052167,-46.63207469510652,sao paulo,SP
37,1050,-23.549009406053425,-46.64281228183975,sao paulo,SP
38,1050,-23.548755593946588,-46.642789203733535,sao paulo,SP
39,1027,-23.538301166801343,-46.63076391104508,sao paulo,SP
40,1050,-23.54985418067981,-46.643139396906825,sao paulo,SP
41,1013,-23.5471192492354,-46.634232699405686,sao paulo,SP
42,1033,-23.54032130474925,-46.636394815973325,sao paulo,SP
43,1009,-23.54569153926945,-46.635866061486446,sao paulo,SP
44,1046,-23.54608112703553,-46.64482029837157,sao paulo,SP
45,1050,-23.54874766250217,-46.64239136704376,sao paulo,SP
46,1032,-23.54119147654225,-46.63499346058632,sao paulo,SP
47,1020,-23.552549496537548,-46.63163152553523,sao paulo,SP
48,1006,-23.55052430835593,-46.63669363835193,sao paulo,SP
49,1034,-23.54239162719593,-46.63770927785183,sao paulo,SP
50,1020,-23.552482452132203,-46.62938955675458,sao paulo,SP
51,1047,-23.54660531805078,-46.641982174447385,sao paulo,SP
52,1042,-23.54487359810152,-46.64030309449483,sao paulo,SP
53,1034,-23.542908915344253,-46.63679724785041,sao paulo,SP
54,1047,-23.54599881709849,-46.640834743407,sao paulo,SP
55,1035,-23.54020455565808,-46.64414705704306,sao paulo,SP
56,1027,-23.538670334439413,-46.62934557285476,sao paulo,SP
57,1046,-23.54638197224308,-46.642893706619056,são paulo,SP
58,1042,-23.54505164917197,-46.64007245239201,sao paulo,SP
59,1040,-23.540316757429707,-46.63735536871719,sao paulo,SP
60,1046,-23.54639669248079,-46.64305934055624,sao paulo,SP
61,1017,-23.54981334999131,-46.63035027254893,sao paulo,SP
62,1026,-23.539494799586286,-46.63284391414975,são paulo,SP
63,1033,-23.539147179866543,-46.63583236462368,sao paulo,SP
64,1036,-23.541700023861782,-46.64131782056096,sao paulo,SP
65,1046,-23.54608112703553,-46.64482029837157,sao paulo,SP
66,1009,-23.54693540437998,-46.63658792659698,sao paulo,SP
67,1046,-23.54608112703553,-46.64482029837157,sao paulo,SP
68,1047,-23.546774768769357,-46.64251431141433,são paulo,SP
69,1045,-23.542925000621707,-46.643423947383695,sao paulo,SP
70,1014,-23.547082268784923,-46.63340844117833,sao paulo,SP
71,1048,-23.547448918662464,-46.64016924063704,são paulo,SP
72,1046,-23.54532011933758,-46.64406863434122,sao paulo,SP
73,1002,-23.54831797807146,-46.63542110199666,sao paulo,SP
74,1033,-23.536156075768947,-46.63565005635056,sao paulo,SP
75,1048,-23.547052131282804,-46.639477959749584,sao paulo,SP
76,1014,-23.546453343326203,-46.63394723397195,sao paulo,SP
77,1031,-23.536864121011018,-46.63349313820771,sao paulo,SP
78,1029,-23.54130569969415,-46.63285261754857,sao paulo,SP
79,1050,-23.54985418067981,-46.643139396906825,sao paulo,SP
80,1032,-23.540774688874112,-46.63551484303775,sao paulo,SP
81,1031,-23.537304315614183,-46.63386243849112,sao paulo,SP
82,1046,-23.54608112703553,-46.64482029837157,sao paulo,SP
83,1022,-23.54498660505508,-46.63345367485142,sao paulo,SP
84,1008,-23.54425493154535,-46.634639135589296,sao paulo,SP
85,1009,-23.546340513734236,-46.63623850320264,sao paulo,SP
86,1048,-23.547448918662464,-46.64016924063704,são paulo,SP
87,1010,-23.547806958346342,-46.63612181853806,sao paulo,SP
88,1020,-23.55253336164808,-46.62960898251487,sao paulo,SP
89,1036,-23.541700023861782,-46.64131782056096,sao paulo,SP
90,1003,-23.54903244546711,-46.63531311226845,sao paulo,SP
91,1013,-23.547325128224376,-46.63418378613892,sao paulo,SP
92,1045,-23.54230306549716,-46.64280268887412,sao paulo,SP
93,1013,-23.547686322234377,-46.6341397692307,são paulo,SP
94,1046,-23.54608112703553,-46.64482029837157,sao paulo,SP
95,1046,-23.54612896641469,-46.64295148361138,sao paulo,SP
96,1042,-23.544667372468112,-46.64066942714524,são paulo,SP
97,1009,-23.546340513734236,-46.63623850320264,sao paulo,SP
98,1050,-23.549107326677785,-46.644104604074144,são paulo,SP
99,1001,-23.54929199999999,-46.633559478233785,sao paulo,SP
100,1026,-23.53984025062037,-46.6302639919499,sao paulo,SP
101,1014,-23.54631891978764,-46.63343055730286,sao paulo,SP
102,1009,-23.546340513734236,-46.63623850320264,sao paulo,SP
103,1043,-23.54501365751052,-46.641993024150246,sao paulo,SP
104,1050,-23.549107326677785,-46.644104604074144,são paulo,SP
105,1014,-23.546940580846677,-46.633311921420805,sao paulo,SP
106,1047,-23.54627311241268,-46.64122516971552,sao paulo,SP
107,1032,-23.53701970912921,-46.63435857175824,sao paulo,SP
108,1050,-23.550449207051752,-46.64324288827981,sao paulo,SP
109,1017,-23.548851827918533,-46.63120714847948,sao paulo,SP
110,1015,-23.544826346129778,-46.63086956396899,sao paulo,SP
111,1032,-23.53701970912921,-46.63435857175824,sao paulo,SP
112,1039,-23.5406861987132,-46.638296449218,sao paulo,SP
113,1008,-23.545341492094146,-46.63558668567147,sao paulo,SP
114,1005,-23.549819091869107,-46.63560588995324,sao paulo,SP
115,1046,-23.546252957116764,-46.64521736309942,sao paulo,SP
116,1026,-23.53984025062037,-46.6302639919499,sao paulo,SP
117,1045,-23.542925000621707,-46.643423947383695,sao paulo,SP
118,1024,-23.54186295323959,-46.63003529431536,sao paulo,SP
119,1031,-23.542520789115148,-46.63533516134283,sao paulo,SP
120,1014,-23.54676158651283,-46.63345484931019,sao paulo,SP
121,1038,-23.542679676299095,-46.63819683884986,sao paulo,SP
122,1050,-23.55073674632121,-46.64337116570483,sao paulo,SP
123,1016,-23.54849512877264,-46.633490627676125,sao paulo,SP
124,1049,-23.54530659310986,-46.636994571065735,sao paulo,SP
125,1026,-23.539439503750906,-46.63306386663973,sao paulo,SP
126,1016,-23.549283671100515,-46.63148490091751,sao paulo,SP
127,1010,-23.546851358078364,-46.63554539392908,sao paulo,SP
128,1029,-23.537313618096828,-46.63302994561133,são paulo,SP
129,1021,-23.54516769470249,-46.63224867958328,sao paulo,SP
130,1018,-23.550218647763327,-46.63188,sao paulo,SP
131,1014,-23.54533828642738,-46.63358224756194,sao paulo,SP
132,1044,-23.54575105023373,-46.64132693574358,sao paulo,SP
133,1034,-23.543343,-46.637777250000006,sao paulo,SP
134,1049,-23.547441373853093,-46.63887208826244,sao paulo,SP
135,1014,-23.547215717345587,-46.63338619272009,sao paulo,SP
136,1050,-23.54985418067981,-46.643139396906825,sao paulo,SP
137,1043,-23.544734636418685,-46.64252349042071,sao paulo,SP
138,1020,-23.552495528997667,-46.63206,são paulo,SP
139,1046,-23.545317917306143,-46.64397479626647,sao paulo,SP
140,1050,-23.54880166250217,-46.64237336704375,são paulo,SP
141,1035,-23.54043969776091,-46.64371578005073,sao paulo,SP
142,1036,-23.54131144157196,-46.64188583152521,sao paulo,SP
143,1046,-23.545368575913177,-46.64318283002467,sao paulo,SP
144,1046,-23.54675842186512,-46.64577102790114,são paulo,SP
145,1048,-23.547154064948906,-46.639547890501504,sao paulo,SP
146,1035,-23.5439473297362,-46.63739650167344,sao paulo,SP
147,1046,-23.54639669248079,-46.64305934055624,sao paulo,SP
148,1044,-23.544896375238064,-46.64201998306312,são paulo,SP
149,1045,-23.54275397723474,-46.64148202608349,sao paulo,SP
150,1045,-23.54230306549716,-46.64280268887412,sao paulo,SP
151,1049,-23.54530659310986,-46.636994571065735,sao paulo,SP
152,1019,-23.55188848459232,-46.63008934096028,sao paulo,SP
153,1036,-23.54017642681272,-46.64415913591924,sao paulo,SP
154,1043,-23.544734636418685,-46.64252349042071,são paulo,SP
155,1040,-23.540111706359266,-46.63701681043339,sao paulo,SP
156,1048,-23.547052131282804,-46.639477959749584,sao paulo,SP
157,1020,-23.55249951067581,-46.630781025535214,sao paulo,SP
158,1042,-23.54472059810152,-46.640515568959614,sao paulo,SP
159,1050,-23.54880166250217,-46.64237336704375,sao paulo,SP
160,1033,-23.5369582492354,-46.63581027505907,sao paulo,SP
161,1050,-23.54985418067981,-46.643139396906825,sao paulo,SP
162,1024,-23.541389521053937,-46.62989908781218,sao paulo,SP
163,1007,-23.549610740492827,-46.63835065445208,sao paulo,SP
164,1021,-23.541026814876787,-46.63207068206479,sao paulo,SP
165,1050,-23.54885719288482,-46.64186497030983,sao paulo,SP
166,1044,-23.54562699916329,-46.64140988467314,sao paulo,SP
167,1013,-23.547307871775622,-46.634251279358246,sao paulo,SP
168,1014,-23.545948945322863,-46.63350149901904,são paulo,SP
169,1037,-23.543883072998984,-46.63807493421437,são paulo,SP
170,1026,-23.539167607276784,-46.63524162031853,sao paulo,SP
171,1007,-23.548339277829037,-46.63800653788448,sao paulo,SP
172,1032,-23.540505663338884,-46.63541486857297,sao paulo,SP
173,1046,-23.545047855675463,-46.64317276879801,sao paulo,SP
174,1035,-23.54043969776091,-46.64371578005073,sao paulo,SP
175,1022,-23.544497629753597,-46.631461751457095,sao paulo,SP
176,1030,-23.538363904524203,-46.63293009824575,são paulo,SP
177,1046,-23.545165891770928,-46.643785796266464,sao paulo,SP
178,1037,-23.546156574239745,-46.63988527422235,sao paulo,SP
179,1003,-23.54890065277865,-46.63715701234924,sao paulo,SP
180,1032,-23.541853610425484,-46.63513727589531,sao paulo,SP
181,1042,-23.544667372468112,-46.64066942714524,sao paulo,SP
182,1019,-23.55173348265909,-46.630302710110165,são paulo,SP
183,1008,-23.545450466558925,-46.63565673674192,sao paulo,SP
184,1003,-23.54904445268046,-46.63518261226844,sao paulo,SP
185,1005,-23.54947149598929,-46.63740387774824,sao paulo,SP
186,1046,-23.54535489177092,-46.64401432180168,sao paulo,SP
187,1042,-23.54472059810152,-46.640515568959614,sao paulo,SP
188,1050,-23.548487627243432,-46.640686594090816,sao paulo,SP
189,1047,-23.54556122286345,-46.64033874216626,sao paulo,SP
190,1050,-23.55073674632121,-46.64337116570483,sao paulo,SP
191,1017,-23.55015993031922,-46.63146540189848,sao paulo,SP
192,1020,-23.552495528997667,-46.63206,sao paulo,SP
193,1005,-23.54875839078997,-46.6384109454671,sao paulo,SP
194,1050,-23.54874766250217,-46.64239136704376,sao paulo,SP
195,1012,-23.54701177397665,-46.63482872807575,sao paulo,SP
196,1030,-23.538399296150907,-46.632887607680814,sao paulo,SP
197,1012,-23.54895780599,-46.63455515820299,sao paulo,SP
198,1013,-23.546420999999995,-46.63436151110851,sao paulo,SP
199,1046,-23.545047855675463,-46.64317276879801,sao paulo,SP
200,1046,-23.546817419095163,-46.64537999999999,sao paulo,SP
201,1016,-23.54944327061568,-46.63234970260834,são paulo,SP
202,1035,-23.54020455565808,-46.64414705704306,sao paulo,SP
203,1050,-23.548723167349607,-46.64160299584504,sao paulo,SP
204,1026,-23.539167607276784,-46.63524162031853,sao paulo,SP
205,1006,-23.5502592536788,-46.63635993588781,sao paulo,SP
206,1001,-23.550497706907517,-46.63433817805407,sao paulo,SP
207,1048,-23.546537098534216,-46.63917496696296,sao paulo,SP
208,1020,-23.551854317790983,-46.62920011656761,sao paulo,SP
209,1047,-23.54731074271453,-46.64142302885344,sao paulo,SP
210,1033,-23.54294999999996,-46.63529999999997,sao paulo,SP
211,1032,-23.5398418758395,-46.63514797691531,são paulo,SP
212,1033,-23.540796722482117,-46.63647342862273,sao paulo,SP
213,1020,-23.55223547100232,-46.6284406588955,sao paulo,SP
214,1002,-23.547416857608702,-46.63636125131286,sao paulo,SP
215,1050,-23.54918735221301,-46.644194604074144,são paulo,SP
216,1009,-23.546340513734236,-46.63623850320264,são paulo,SP
217,1019,-23.551889908967603,-46.63105318887411,sao paulo,SP
218,1027,-23.53801519954993,-46.63194741104508,são paulo,SP
219,1048,-23.5469081312828,-46.63939590146579,sao paulo,SP
220,1046,-23.54608112703553,-46.64482029837157,sao paulo,SP
221,1034,-23.542995562878023,-46.63757566934563,sao paulo,SP
222,1035,-23.5439473297362,-46.63739650167344,sao paulo,SP
223,1050,-23.54985418067981,-46.643139396906825,sao paulo,SP
224,1047,-23.54731074271453,-46.64142302885344,sao paulo,SP
225,1046,-23.54638197224308,-46.642893706619056,sao paulo,SP
226,1045,-23.542487362746503,-46.64293486717402,sao paulo,SP
227,1045,-23.54230306549716,-46.64280268887412,sao paulo,SP
228,1011,-23.546690486964888,-46.6354469588072,sao paulo,SP
229,1044,-23.547276880373964,-46.6399237790698,sao paulo,SP
230,1007,-23.55100661977027,-46.6358718820474,sao paulo,SP
231,1047,-23.54577819732822,-46.64064024216627,sao paulo,SP
232,1029,-23.54056295337295,-46.632850401754254,sao paulo,SP
233,1012,-23.54900820122337,-46.63452647668646,sao paulo,SP
234,1019,-23.55166351540767,-46.63125415903973,sao paulo,SP
235,1001,-23.55064182209015,-46.63440979032252,sao paulo,SP
236,1037,-23.543883072998984,-46.63807493421437,sao paulo,SP
237,1020,-23.552495528997667,-46.63206,sao paulo,SP
238,1041,-23.543712849558617,-46.6402632336835,sao paulo,SP
239,1033,-23.54032130474925,-46.636394815973325,sao paulo,SP
240,1050,-23.54985418067981,-46.643139396906825,sao paulo,SP
241,1025,-23.539920936547933,-46.6283479287932,sao paulo,SP
242,1004,-23.550115903139226,-46.63512161420169,sao paulo,SP
243,1044,-23.544475407986656,-46.64244051581169,sao paulo,SP
244,1050,-23.548723167349607,-46.64160299584504,sao paulo,SP
245,1020,-23.552494470713864,-46.631394,sao paulo,SP
246,1033,-23.536810801835053,-46.63572116276196,sao paulo,SP
247,1026,-23.53889535607948,-46.63545499624909,sao paulo,SP
248,1011,-23.546690486964888,-46.6354469588072,sao paulo,SP
249,1032,-23.53657098695826,-46.6341731724855,sao paulo,SP
250,1033,-23.536859249235395,-46.635793333342896,sao paulo,SP
251,1030,-23.537239491257424,-46.63298206549715,sao paulo,SP
252,1046,-23.54608112703553,-46.64482029837157,são paulo,SP
253,1009,-23.54693540437998,-46.63658792659698,sao paulo,SP
254,1042,-23.54415075852622,-46.6412233941082,sao paulo,SP
255,1046,-23.54608112703553,-46.64482029837157,sao paulo,SP
256,1046,-23.545317917306143,-46.64397479626647,sao paulo,SP
257,1023,-23.54260295697964,-46.63094283625709,sao paulo,SP
258,1033,-23.540796722482117,-46.63647342862273,sao paulo,SP
259,1046,-23.54549529358727,-46.64422479530947,sao paulo,SP
260,1046,-23.545368575913177,-46.64318283002467,sao paulo,SP
261,1036,-23.54282808353057,-46.63939930668248,sao paulo,SP
262,1021,-23.54033745045876,-46.63207306549717,sao paulo,SP
263,1049,-23.54530659310986,-46.636994571065735,sao paulo,SP
264,1043,-23.545781968088136,-46.641376633648726,sao paulo,SP
265,1003,-23.54904445268046,-46.63518261226844,sao paulo,SP
266,1030,-23.54203523397196,-46.63296206411218,sao paulo,SP
267,1025,-23.540410813203355,-46.631264935195325,sao paulo,SP
268,1026,-23.539616057447088,-46.631187497778285,sao paulo,SP
269,1021,-23.541832875382298,-46.63214268206478,sao paulo,SP
270,1023,-23.541849922557606,-46.6313376895666,sao paulo,SP
271,1050,-23.548722622251763,-46.64376241424774,sao paulo,SP
272,1019,-23.55166351540767,-46.63125415903973,sao paulo,SP
273,1014,-23.547082268784923,-46.63340844117833,sao paulo,SP
274,1042,-23.54472059810152,-46.640515568959614,sao paulo,SP
275,1009,-23.54693540437998,-46.63658792659698,sao paulo,SP
276,1045,-23.54275397723474,-46.64148202608349,sao paulo,SP
277,1036,-23.54282808353057,-46.63939930668248,são paulo,SP
278,1004,-23.549513091869112,-46.63471930613423,sao paulo,SP
279,1035,-23.54043969776091,-46.64371578005073,sao paulo,SP
280,1005,-23.549819091869107,-46.63560588995324,sao paulo,SP
281,1044,-23.544689343874467,-46.6422237403486,sao paulo,SP
282,1008,-23.5452611626464,-46.63554571412088,sao paulo,SP
283,1037,-23.54519873979251,-46.63791575103784,sao paulo,SP
284,1005,-23.54875839078997,-46.6384109454671,sao paulo,SP
285,1032,-23.53701970912921,-46.63435857175824,sao paulo,SP
286,1035,-23.5439473297362,-46.63739650167344,sao paulo,SP
287,1017,-23.54981334999131,-46.63035027254893,são paulo,SP
288,1046,-23.545731279214017,-46.64319919124003,sao paulo,SP
289,1014,-23.546065945322862,-46.63347449901905,sao paulo,SP
290,1042,-23.54505164917197,-46.64007245239201,são paulo,SP
291,1046,-23.54510615208616,-46.64381018541167,sao paulo,SP
292,1019,-23.551387491805688,-46.63143237370885,são paulo,SP
293,1046,-23.54639669248079,-46.64305934055624,sao paulo,SP
294,1050,-23.549847516244395,-46.64562246058632,sao paulo,SP
295,1029,-23.543769055769133,-46.63427784085132,sao paulo,SP
296,1019,-23.551500510127543,-46.63131236649549,sao paulo,SP
297,1013,-23.547686322234377,-46.6341397692307,sao paulo,SP
298,1008,-23.5480135387212,-46.63709742838599,sao paulo,SP
299,1001,-23.54969829946912,-46.63390859285005,sao paulo,SP
300,1034,-23.54196701610017,-46.63707836441802,sao paulo,SP
301,1025,-23.54002629316738,-46.62858942838324,sao paulo,SP
302,1026,-23.53984025062037,-46.6302639919499,são paulo,SP
303,1038,-23.54474047293557,-46.6411292282878,sao paulo,SP
304,1016,-23.54849512877264,-46.633490627676125,sao paulo,SP
305,1048,-23.547634911449112,-46.641159240637045,sao paulo,SP
306,1009,-23.54693540437998,-46.63658792659698,são paulo,SP
307,1047,-23.545879784349918,-46.640673717871785,sao paulo,SP
308,1036,-23.54017642681272,-46.64415913591924,sao paulo,SP
309,1003,-23.548960477927228,-46.63617216180967,sao paulo,SP
310,1022,-23.54498660505508,-46.63345367485142,sao paulo,SP
311,1030,-23.543326183738223,-46.63336425644875,sao paulo,SP
312,1041,-23.543712849558617,-46.6402632336835,sao paulo,SP
313,1032,-23.54137740605342,-46.63573484012354,sao paulo,SP
314,1041,-23.543539449073783,-46.64057731057763,sao paulo,SP
315,1046,-23.546252957116764,-46.64521736309942,sao paulo,SP
316,1005,-23.54947149598929,-46.63740387774824,sao paulo,SP
317,1014,-23.544631844566958,-46.63393720301238,sao paulo,SP
318,1031,-23.542520789115148,-46.63533516134283,sao paulo,SP
319,1018,-23.552143145161256,-46.63270720967747,são paulo,SP
320,1019,-23.551405529008704,-46.63058033341841,sao paulo,SP
321,1007,-23.54816615573512,-46.63823833081751,são paulo,SP
322,1012,-23.54799237468981,-46.63463255343638,são paulo,SP
323,1042,-23.54415075852622,-46.6412233941082,sao paulo,SP
324,1017,-23.54968991921072,-46.63051281086609,sao paulo,SP
325,1033,-23.536810801835053,-46.63572116276196,sao paulo,SP
326,1001,-23.551426655288804,-46.63407394670785,sao paulo,SP
327,1046,-23.545606640313828,-46.64432448652557,sao paulo,SP
328,1031,-23.542520789115148,-46.63533516134283,são paulo,SP
329,1028,-23.536027749379617,-46.632878533585306,sao paulo,SP
330,1046,-23.546817419095163,-46.64537999999999,sao paulo,SP
331,1046,-23.54675842186512,-46.64577102790114,sao paulo,SP
332,1050,-23.548722622251763,-46.64376241424774,sao paulo,SP
333,1030,-23.538418155981304,-46.63292012378098,sao paulo,SP
334,1007,-23.54917739938832,-46.63863497209885,sao paulo,SP
335,1026,-23.539425401610018,-46.63342428573489,sao paulo,SP
336,1042,-23.5440090313636,-46.64149935498296,sao paulo,SP
337,1020,-23.55223547100232,-46.6284406588955,sao paulo,SP
338,1033,-23.540035348866123,-46.63590402178432,sao paulo,SP
339,1040,-23.540384691932537,-46.63746629211154,sao paulo,SP
340,1049,-23.547837310577627,-46.64099781196259,sao paulo,SP
341,1011,-23.546690486964888,-46.6354469588072,sao paulo,SP
342,1022,-23.544714739944567,-46.63316426588382,são paulo,SP
343,1046,-23.54608112703553,-46.64482029837157,sao paulo,SP
344,1022,-23.54481763780367,-46.63327164210284,sao paulo,SP
345,1020,-23.55255548932418,-46.63028152553522,sao paulo,SP
346,1050,-23.548722622251763,-46.64376241424774,sao paulo,SP
347,1006,-23.54909870413756,-46.63584104801203,sao paulo,SP
348,1033,-23.53805926617227,-46.63596154951257,sao paulo,SP
349,1046,-23.545368575913177,-46.64318283002467,sao paulo,SP
350,1041,-23.54424217208146,-46.63966881349182,sao paulo,SP
351,1034,-23.542106542327883,-46.63658202790115,sao paulo,SP
352,1046,-23.54612896641469,-46.64295148361138,sao paulo,SP
353,1047,-23.54627311241268,-46.64122516971552,sao paulo,SP
354,1033,-23.53710682737027,-46.63578266997533,sao paulo,SP
355,1036,-23.54045127670386,-46.64357021994927,sao paulo,SP
356,1045,-23.541593762969622,-46.64189378810082,sao paulo,SP
357,1046,-23.54612896641469,-46.64295148361138,sao paulo,SP
358,1046,-23.54659457729816,-46.64303356647811,sao paulo,SP
359,1030,-23.53652807216227,-46.63302310545912,sao paulo,SP
360,1014,-23.54562569969416,-46.63354191520002,sao paulo,SP
361,1046,-23.54608112703553,-46.64482029837157,sao paulo,SP
362,1032,-23.54137740605342,-46.63573484012354,são paulo,SP
363,1027,-23.53821280045007,-46.63137061449015,sao paulo,SP
364,1022,-23.544295438253737,-46.63208112753188,sao paulo,SP
365,1028,-23.53624171663104,-46.6320595335853,são paulo,SP
366,1046,-23.54608112703553,-46.64482029837157,sao paulo,SP
367,1006,-23.55069564418031,-46.63488479003406,sao paulo,SP
368,1033,-23.53784452510254,-46.634192025535214,sao paulo,SP
369,1048,-23.54718811601936,-46.63958839050152,sao paulo,SP
370,1040,-23.54160305551385,-46.63921551887013,sao paulo,SP
371,1046,-23.54575827921402,-46.64319019124005,sao paulo,SP
372,1049,-23.545052507905847,-46.63682478157995,sao paulo,SP
373,1048,-23.54718811601936,-46.63958839050152,sao paulo,SP
374,1045,-23.542925000621707,-46.643423947383695,sao paulo,SP
375,1026,-23.54001724395527,-46.62974091312255,sao paulo,SP
376,1035,-23.541740936176268,-46.641356197760906,são paulo,SP
377,1049,-23.54797787399732,-46.64007553774023,sao paulo,SP
378,1019,-23.552151883432384,-46.63080224715792,sao paulo,SP
379,1035,-23.540983825979165,-46.64256855760085,sao paulo,SP
380,1017,-23.54989795585446,-46.63094437636323,sao paulo,SP
381,1050,-23.54922662225177,-46.64432041424772,sao paulo,SP
382,1027,-23.53801519954993,-46.63194741104508,sao paulo,SP
383,1019,-23.551500510127543,-46.63131236649549,sao paulo,SP
384,1042,-23.545394591176624,-46.63971870122335,sao paulo,SP
385,1029,-23.543769055769133,-46.63427784085132,sao paulo,SP
386,1040,-23.539898074383967,-46.6366870320561,são paulo,SP
387,1046,-23.54608112703553,-46.64482029837157,sao paulo,SP
388,1042,-23.5440090313636,-46.64149935498296,sao paulo,SP
389,1041,-23.54320753981771,-46.64090617831388,sao paulo,SP
390,1016,-23.54921843682667,-46.63112044738743,sao paulo,SP
391,1042,-23.54504537246811,-46.640187927145234,são paulo,SP
392,1026,-23.53984025062037,-46.6302639919499,sao paulo,SP
393,1026,-23.53925652899767,-46.63316199708581,sao paulo,SP
394,1041,-23.54448286788048,-46.63930622647012,sao paulo,SP
395,1046,-23.54612896641469,-46.64295148361138,sao paulo,SP
396,1046,-23.545083855675458,-46.64316279433324,sao paulo,SP
397,1033,-23.540035348866123,-46.63590402178432,sao paulo,SP
398,1005,-23.54977002637195,-46.63583891548848,sao paulo,SP
399,1041,-23.54349553981771,-46.64052367831388,sao paulo,SP
400,1043,-23.54473672162269,-46.64226379961334,sao paulo,SP
401,1028,-23.536027749379617,-46.632878533585306,sao paulo,SP
402,1022,-23.54779462858564,-46.63023791550086,sao paulo,SP
403,1030,-23.543522150989634,-46.6334662636621,sao paulo,SP
404,1010,-23.54536151393884,-46.6346895341229,sao paulo,SP
405,1036,-23.54282808353057,-46.63939930668248,sao paulo,SP
406,1007,-23.55009663558197,-46.637934794477474,sao paulo,SP
407,1025,-23.540410813203355,-46.631264935195325,sao paulo,SP
408,1020,-23.552359071614003,-46.62912034248948,sao paulo,SP
409,1014,-23.544631844566958,-46.63393720301238,sao paulo,SP
410,1046,-23.545731279214017,-46.64319919124003,sao paulo,SP
411,1019,-23.552151883432384,-46.63080224715792,sao paulo,SP
412,1048,-23.5469081312828,-46.63939590146579,sao paulo,SP
413,1045,-23.541593762969622,-46.64189378810082,sao paulo,SP
414,1033,-23.54077242862274,-46.63658627751788,sao paulo,SP
415,1020,-23.552494470713864,-46.631394,sao paulo,SP
416,1041,-23.543712849558617,-46.6402632336835,sao paulo,SP
417,1037,-23.54518734081604,-46.63785524104107,sao paulo,SP
418,1041,-23.54349553981771,-46.64052367831388,sao paulo,SP
419,1050,-23.549433308067456,-46.64461567513988,sao paulo,SP
420,1037,-23.54672337468981,-46.6402811858157,sao paulo,SP
421,1050,-23.5494055434244,-46.64338206272719,sao paulo,SP
422,1017,-23.54981334999131,-46.63035027254893,sao paulo,SP
423,1009,-23.548942362228352,-46.6375916208613,sao paulo,SP
424,1036,-23.54131144157196,-46.64188583152521,sao paulo,SP
425,1023,-23.54417619677996,-46.63217303372952,são paulo,SP
426,1023,-23.541081532632955,-46.63084531784219,sao paulo,SP
427,1021,-23.539158,-46.63202003996194,sao paulo,SP
428,1009,-23.54534853344108,-46.635664756044726,sao paulo,SP
429,1001,-23.550497706907517,-46.63433817805407,sao paulo,SP
430,1050,-23.54985418067981,-46.643139396906825,são paulo,SP
431,1040,-23.540876706359263,-46.6382183104334,são paulo,SP
432,1046,-23.54608112703553,-46.64482029837157,sao paulo,SP
433,1037,-23.546462574239737,-46.64014529975757,sao paulo,SP
434,1007,-23.550776601448405,-46.63639141479597,sao paulo,SP
435,1011,-23.545577325841062,-46.63477539133823,sao paulo,SP
436,1020,-23.55253336164808,-46.62960898251487,sao paulo,SP
437,1032,-23.541381136274456,-46.63552281556929,sao paulo,SP
438,1026,-23.539425401610018,-46.63342428573489,sao paulo,SP
439,1048,-23.546167438253743,-46.638926759911215,sao paulo,SP
440,1021,-23.54091423619365,-46.63213975243804,sao paulo,SP
441,1047,-23.54556122286345,-46.64033874216626,sao paulo,SP
442,1031,-23.54069108510848,-46.63395529665179,sao paulo,SP
443,1004,-23.550765432973616,-46.635323406601664,sao paulo,SP
444,1009,-23.54569153926945,-46.635866061486446,sao paulo,SP
445,1031,-23.542520789115148,-46.63533516134283,sao paulo,SP
446,1028,-23.53518494171711,-46.63654384980165,são paulo,SP
447,1019,-23.552151883432384,-46.63080224715792,sao paulo,SP
448,1031,-23.54303492506777,-46.63494607770218,sao paulo,SP
449,1013,-23.546420999999995,-46.63436151110851,sao paulo,SP
450,1046,-23.54639669248079,-46.64305934055624,sao paulo,SP
451,1005,-23.54961248124544,-46.63653202553522,sao paulo,SP
452,1048,-23.547634911449112,-46.641159240637045,sao paulo,SP
453,1006,-23.5495063030758,-46.63622549584506,sao paulo,SP
454,1042,-23.54489962363675,-46.64027609449485,sao paulo,SP
455,1041,-23.544598893415696,-46.63915216818633,sao paulo,SP
456,1021,-23.539256999999992,-46.63208150389514,sao paulo,SP
457,1004,-23.54939361948181,-46.634950659876445,sao paulo,SP
458,1017,-23.548851827918533,-46.63120714847948,sao paulo,SP
459,1006,-23.5504842536788,-46.63570293588782,sao paulo,SP
460,1048,-23.547555944197693,-46.64073632445609,sao paulo,SP
461,1046,-23.54675842186512,-46.64577102790114,sao paulo,SP
462,1026,-23.539439503750906,-46.63306386663973,sao paulo,SP
463,1011,-23.546690486964888,-46.6354469588072,são paulo,SP
464,1009,-23.54693540437998,-46.63658792659698,sao paulo,SP
465,1042,-23.54504537246811,-46.640187927145234,são paulo,SP
466,1026,-23.53984025062037,-46.6302639919499,sao paulo,SP
467,1036,-23.541700023861782,-46.64131782056096,sao paulo,SP
468,1020,-23.552482452132203,-46.62938955675458,sao paulo,SP
469,1007,-23.550392524842728,-46.63730164071784,sao paulo,SP
470,1050,-23.54891736303305,-46.642520665704815,são paulo,SP
471,1013,-23.546420999999995,-46.63436151110851,sao paulo,SP
472,1023,-23.541081532632955,-46.63084531784219,são paulo,SP
473,1040,-23.540111706359266,-46.63701681043339,sao paulo,SP
474,1020,-23.55221844546711,-46.62813104954122,sao paulo,SP
475,1046,-23.54535489177092,-46.64401432180168,são paulo,SP
476,1042,-23.54505164917197,-46.64007245239201,sao paulo,SP
477,1036,-23.54045127670386,-46.64357021994927,sao paulo,SP
478,1003,-23.5490832616594,-46.63486400979368,são paulo,SP
479,1041,-23.54320753981771,-46.64090617831388,são paulo,SP
480,1020,-23.55140820483005,-46.62918062378098,sao paulo,SP
481,1027,-23.537909232298507,-46.632375550233725,sao paulo,SP
482,1019,-23.551500510127543,-46.63131236649549,sao paulo,SP
483,1042,-23.5448295725663,-46.640353568959625,sao paulo,SP
484,1050,-23.549773516504185,-46.64559900666509,são paulo,SP
485,1038,-23.545100693029053,-46.64157805482135,sao paulo,SP
486,1021,-23.544184662502165,-46.63264375243805,sao paulo,SP
487,1004,-23.549534948092827,-46.63430666833054,sao paulo,SP
488,1010,-23.54651967554392,-46.63537497475324,sao paulo,SP
489,1032,-23.53701970912921,-46.63435857175824,sao paulo,SP
490,1046,-23.54608112703553,-46.64482029837157,sao paulo,SP
491,1020,-23.55254746378896,-46.63038052553523,sao paulo,SP
492,1032,-23.5398418758395,-46.63514797691531,sao paulo,SP
493,1046,-23.546817419095163,-46.64537999999999,sao paulo,SP
494,1012,-23.54711929087078,-46.63488111172018,sao paulo,SP
495,1010,-23.54536151393884,-46.6346895341229,sao paulo,SP
496,1047,-23.54561984263372,-46.640326243407,sao paulo,SP
497,1031,-23.544207,-46.63628100000001,sao paulo,SP
498,1024,-23.541389521053937,-46.62989908781218,são paulo,SP
499,1020,-23.55223547100232,-46.6284406588955,sao paulo,SP
500,1003,-23.5489755545329,-46.63532199708581,sao paulo,SP
501,1047,-23.546444292515563,-46.6416031999826,sao paulo,SP
502,1027,-23.538670334439413,-46.62934557285476,sao paulo,SP
503,1050,-23.549847516244395,-46.64562246058632,sao paulo,SP
504,1050,-23.548722622251763,-46.64376241424774,sao paulo,SP
505,1050,-23.548722622251763,-46.64376241424774,sao paulo,SP
506,1020,-23.55223547100232,-46.6284406588955,sao paulo,SP
507,1004,-23.54918138051819,-46.63482185844542,sao paulo,SP
508,1042,-23.545394591176624,-46.63971870122335,sao paulo,SP
509,1048,-23.5469081312828,-46.63939590146579,sao paulo,SP
510,1046,-23.545368575913177,-46.64318283002467,sao paulo,SP
511,1049,-23.54530659310986,-46.636994571065735,sao paulo,SP
512,1020,-23.55223547100232,-46.6284406588955,sao paulo,SP
513,1037,-23.54562128115268,-46.63929204800168,sao paulo,SP
514,1002,-23.548551065785627,-46.63507239078997,sao paulo,SP
515,1009,-23.54569153926945,-46.635866061486446,sao paulo,SP
516,1002,-23.54813706578562,-46.63590489078997,sao paulo,SP
517,1042,-23.545394591176624,-46.63971870122335,sao paulo,SP
518,1017,-23.55001091199737,-46.63116636914989,sao paulo,SP
519,1001,-23.551336655288804,-46.63402699777831,sao paulo,SP
520,1042,-23.54487359810152,-46.64030309449483,são paulo,SP
521,1050,-23.54985418067981,-46.643139396906825,sao paulo,SP
522,1013,-23.54723527477061,-46.63421063390853,sao paulo,SP
523,1033,-23.53801069386577,-46.63601039162669,sao paulo,SP
524,1003,-23.548960477927228,-46.63617216180967,sao paulo,SP
525,1010,-23.54565700582837,-46.63457024562871,sao paulo,SP
526,1007,-23.550776601448405,-46.63639141479597,sao paulo,SP
527,1020,-23.551192393559933,-46.62828994310116,sao paulo,SP
528,1029,-23.540886,-46.632850485573286,sao paulo,SP
529,1023,-23.541866885913883,-46.631416656818026,sao paulo,SP
530,1036,-23.543961695799023,-46.63725596557798,sao paulo,SP
531,1032,-23.54159273604942,-46.63525058950317,sao paulo,SP
532,1042,-23.54405175852623,-46.641353894108185,sao paulo,SP
533,1037,-23.54580760698832,-46.63960229254423,sao paulo,SP
534,1016,-23.549283671100515,-46.63148490091751,sao paulo,SP
535,1048,-23.547052131282804,-46.639477959749584,são paulo,SP
536,1025,-23.54040852242101,-46.63149317466289,são paulo,SP
537,1008,-23.54481303802871,-46.63517842186512,sao paulo,SP
538,1042,-23.545949119754194,-46.64038040172743,sao paulo,SP
539,1004,-23.54918138051819,-46.63482185844542,sao paulo,SP
540,1030,-23.53652807216227,-46.63302310545912,sao paulo,SP
541,1021,-23.54516769470249,-46.63224867958328,sao paulo,SP
542,1014,-23.545948945322863,-46.63350149901904,sao paulo,SP
543,1047,-23.546444292515563,-46.6416031999826,são paulo,SP
544,1050,-23.548470601708207,-46.64047556564139,sao paulo,SP
545,1030,-23.54365790536092,-46.6335452993249,são paulo,SP
546,1015,-23.54956898779498,-46.62908488080666,sao paulo,SP
547,1014,-23.54636265277865,-46.63367640091752,sao paulo,SP
548,1042,-23.543774559813013,-46.64177212614691,sao paulo,SP
549,1004,-23.55046690313923,-46.63523313973692,sao paulo,SP
550,1030,-23.53652807216227,-46.63302310545912,são paulo,SP
551,1033,-23.54294999999996,-46.63529999999997,sao paulo,SP
552,1020,-23.55253336164808,-46.62960898251487,sao paulo,SP
553,1030,-23.53652807216227,-46.63302310545912,sao paulo,SP
554,1020,-23.551854317790983,-46.62920011656761,sao paulo,SP
555,1028,-23.536250716631045,-46.63202803358529,sao paulo,SP
556,1020,-23.5523765589763,-46.62929189217496,sao paulo,SP
557,1046,-23.54639669248079,-46.64305934055624,sao paulo,SP
558,1036,-23.543825637515205,-46.637489965577984,sao paulo,SP
559,1048,-23.547052131282804,-46.639477959749584,sao paulo,SP
560,1027,-23.537946206763287,-46.63220455023373,sao paulo,SP
561,1021,-23.544870139332875,-46.6323768953776,sao paulo,SP
562,1033,-23.54032130474925,-46.636394815973325,são paulo,SP
563,1020,-23.55253336164808,-46.62960898251487,sao paulo,SP
564,1007,-23.55092535858965,-46.63591116180967,sao paulo,SP
565,1031,-23.542520789115148,-46.63533516134283,sao paulo,SP
566,1036,-23.541700023861782,-46.64131782056096,sao paulo,SP
567,1046,-23.54532011933758,-46.64406863434122,sao paulo,SP
568,1035,-23.54098377450212,-46.642568531063326,sao paulo,SP
569,1036,-23.54282808353057,-46.63939930668248,sao paulo,SP
570,1045,-23.54275397723474,-46.64148202608349,sao paulo,SP
571,1019,-23.551500510127543,-46.63131236649549,são paulo,SP
572,1050,-23.548470601708207,-46.64047556564139,sao paulo,SP
573,1046,-23.5463617507646,-46.64307284055626,sao paulo,SP
574,1012,-23.54711929087078,-46.63488111172018,sao paulo,SP
575,1001,-23.549779299469115,-46.6339571183853,são paulo,SP
576,1031,-23.542520789115148,-46.63533516134283,sao paulo,SP
577,1014,-23.54533828642738,-46.63358224756194,sao paulo,SP
578,1026,-23.54001724395527,-46.62974091312255,sao paulo,SP
579,1021,-23.54091423619365,-46.63213975243804,sao paulo,SP
580,1041,-23.544598893415696,-46.63915216818633,sao paulo,SP
581,1005,-23.54977002637195,-46.63583891548848,sao paulo,SP
582,1021,-23.544184662502165,-46.63264375243805,são paulo,SP
583,1001,-23.551336655288804,-46.63402699777831,sao paulo,SP
584,1005,-23.549980033585307,-46.63476783166945,são paulo,SP
585,1045,-23.541794423538555,-46.64277789439665,sao paulo,SP
586,1048,-23.547006156818014,-46.639455459749584,são paulo,SP
587,1049,-23.547378373853096,-46.63881261379765,sao paulo,SP
588,1022,-23.544497629753597,-46.631461751457095,sao paulo,SP
589,1047,-23.54627311241268,-46.64122516971552,sao paulo,SP
590,1050,-23.548723167349607,-46.64160299584504,sao paulo,SP
591,1023,-23.542959247850412,-46.631904601159945,sao paulo,SP
592,1014,-23.54533828642738,-46.63358224756194,sao paulo,SP
593,1020,-23.551854317790983,-46.62920011656761,sao paulo,SP
594,1028,-23.534879478157738,-46.639559272120486,sao paulo,SP
595,1046,-23.54510615208616,-46.64381018541167,são paulo,SP
596,1001,-23.550497706907517,-46.63433817805407,sao paulo,SP
597,1003,-23.54904445268046,-46.63518261226844,sao paulo,SP
598,1035,-23.54098377450212,-46.642568531063326,sao paulo,SP
599,1013,-23.547325128224376,-46.63418378613892,sao paulo,SP
600,1026,-23.53984025062037,-46.6302639919499,sao paulo,SP
601,1027,-23.537706024150243,-46.63034353621102,são paulo,SP
602,1030,-23.54296140605341,-46.63319578183975,sao paulo,SP
603,1041,-23.54349553981771,-46.64052367831388,sao paulo,SP
604,1050,-23.54891736303305,-46.642520665704815,são paulo,SP
605,1046,-23.54608112703553,-46.64482029837157,sao paulo,SP
606,1011,-23.546690486964888,-46.6354469588072,sao paulo,SP
607,1046,-23.54588427921401,-46.64316319124004,sao paulo,SP
608,1001,-23.550263371631395,-46.63419639384839,são paulo,SP
609,1032,-23.541381136274456,-46.63552281556929,sao paulo,SP
610,1022,-23.544310431040376,-46.632278959893824,sao paulo,SP
611,1043,-23.54673076103639,-46.64072388787578,sao paulo,SP
612,1046,-23.545165891770928,-46.643785796266464,sao paulo,SP
613,1014,-23.546065945322862,-46.63347449901905,são paulo,SP
614,1022,-23.544280236741912,-46.63081904801204,sao paulo,SP
615,1017,-23.54981334999131,-46.63035027254893,são paulo,SP
616,1039,-23.5417538351319,-46.63976074078128,sao paulo,SP
617,1009,-23.54693540437998,-46.63658792659698,são paulo,SP
618,1016,-23.54942699475266,-46.631921331563774,sao paulo,SP
619,1012,-23.54663965084541,-46.63496394656362,sao paulo,SP
620,1046,-23.545368575913177,-46.64318283002467,sao paulo,SP
621,1020,-23.552495528997667,-46.63206,sao paulo,SP
622,1020,-23.552495528997667,-46.63206,sao paulo,SP
623,1019,-23.551387491805688,-46.63143237370885,sao paulo,SP
624,1048,-23.546717843181977,-46.63935658410748,sao paulo,SP
625,1032,-23.54246023535693,-46.63618792951116,sao paulo,SP
626,1011,-23.546690486964888,-46.6354469588072,sao paulo,SP
627,1046,-23.546817419095163,-46.64537999999999,sao paulo,SP
628,1050,-23.54985418067981,-46.643139396906825,sao paulo,SP
629,1039,-23.539819023861785,-46.63696720497428,sao paulo,SP
630,1033,-23.54294999999996,-46.63529999999997,sao paulo,SP
631,1009,-23.549074826533555,-46.63756198557327,sao paulo,SP
632,1019,-23.5515057171793,-46.63111196142304,sao paulo,SP
633,1032,-23.54159273604942,-46.63525058950317,sao paulo,SP
634,1014,-23.54636265277865,-46.63367640091752,sao paulo,SP
635,1009,-23.546340513734236,-46.63623850320264,são paulo,SP
636,1012,-23.548945985189437,-46.63467113292871,sao paulo,SP
637,1011,-23.546690486964888,-46.6354469588072,sao paulo,SP
638,1032,-23.540742303912527,-46.63557063864037,são paulo,SP
639,1001,-23.550497706907517,-46.63433817805407,sao paulo,SP
640,1033,-23.540159399936574,-46.63548454731953,sao paulo,SP
641,1031,-23.542520789115148,-46.63533516134283,sao paulo,SP
642,1034,-23.542995562878023,-46.63757566934563,sao paulo,SP
643,1025,-23.53831532619036,-46.6271321114026,são paulo,SP
644,1027,-23.53778976963473,-46.63043882598531,sao paulo,SP
645,1031,-23.542222369409696,-46.63567165652957,sao paulo,SP
646,1023,-23.541866885913883,-46.631416656818026,são paulo,SP
647,1008,-23.54635748626577,-46.63617648958398,sao paulo,SP
648,1007,-23.551083240637045,-46.63570400444339,sao paulo,SP
649,1020,-23.551854317790983,-46.62920011656761,sao paulo,SP
650,1046,-23.546817419095163,-46.64537999999999,sao paulo,SP
651,1017,-23.54981334999131,-46.63035027254893,sao paulo,SP
652,1050,-23.54874766250217,-46.64239136704376,sao paulo,SP
653,1028,-23.5364247238444,-46.63138992423106,sao paulo,SP
654,1035,-23.542765908036525,-46.63961343105309,sao paulo,SP
655,1050,-23.54857284791384,-46.64350528183976,sao paulo,SP
656,1046,-23.54535489177092,-46.64401432180168,sao paulo,SP
657,1023,-23.543690196779963,-46.63209105926476,sao paulo,SP
658,1044,-23.544475407986656,-46.64244051581169,sao paulo,SP
659,1005,-23.54875839078997,-46.6384109454671,sao paulo,SP
660,1007,-23.550357583126537,-46.63738264071787,sao paulo,SP
661,1049,-23.547765310577624,-46.64021604302036,sao paulo,SP
662,1027,-23.53854376770149,-46.63006039148245,sao paulo,SP
663,1004,-23.549534948092827,-46.63430666833054,sao paulo,SP
664,1023,-23.541777387183288,-46.63065304010618,sao paulo,SP
665,1050,-23.55073674632121,-46.64337116570483,sao paulo,SP
666,1005,-23.54875839078997,-46.6384109454671,sao paulo,SP
667,1014,-23.546128054677126,-46.63353151540766,sao paulo,SP
668,1015,-23.54797349999999,-46.6334685,sao paulo,SP
669,1035,-23.54098377450212,-46.642568531063326,são paulo,SP
670,1034,-23.542391912574285,-46.63652250098094,sao paulo,SP
671,1023,-23.54304024785041,-46.63192260115993,sao paulo,SP
672,1035,-23.540983825979165,-46.64256855760085,sao paulo,SP
673,1012,-23.548016567026384,-46.63455347209884,sao paulo,SP
674,1047,-23.54627311241268,-46.64122516971552,sao paulo,SP
675,1046,-23.54608112703553,-46.64482029837157,sao paulo,SP
676,1031,-23.542520789115148,-46.63533516134283,sao paulo,SP
677,1037,-23.54586691428615,-46.639685399390586,sao paulo,SP
678,1002,-23.548551065785627,-46.63507239078997,sao paulo,SP
679,1034,-23.54214394725612,-46.63745558840666,sao paulo,SP
680,1031,-23.542520789115148,-46.63533516134283,sao paulo,SP
681,1046,-23.54639669248079,-46.64305934055624,sao paulo,SP
682,1036,-23.54282808353057,-46.63939930668248,sao paulo,SP
683,1028,-23.536027749379617,-46.632878533585306,sao paulo,SP
684,1027,-23.538560793236705,-46.62998839148246,sao paulo,SP
685,1028,-23.5364247238444,-46.63138992423106,são paulo,SP
686,1014,-23.54533828642738,-46.63358224756194,sao paulo,SP
687,1046,-23.54711381127012,-46.64569331848347,sao paulo,SP
688,1018,-23.550218647763327,-46.63188,sao paulo,SP
689,1046,-23.54638197224308,-46.642893706619056,sao paulo,SP
690,1018,-23.550218647763327,-46.63188,sao paulo,SP
691,1034,-23.54214394725612,-46.63745558840666,sao paulo,SP
692,1031,-23.537304315614183,-46.63386243849112,sao paulo,SP
693,1036,-23.54027250262573,-46.64390844295695,sao paulo,SP
694,1020,-23.551247650297142,-46.6283315424721,sao paulo,SP
695,1048,-23.546717843181977,-46.63935658410748,sao paulo,SP
696,1017,-23.548851827918533,-46.63120714847948,sao paulo,SP
697,1027,-23.537744895089144,-46.62934441534424,sao paulo,SP
698,1020,-23.552494470713864,-46.631394,sao paulo,SP
699,1026,-23.540654472935568,-46.62894329724743,sao paulo,SP
700,1037,-23.544342240637054,-46.638345018033405,sao paulo,SP
701,1039,-23.5417538351319,-46.63976074078128,sao paulo,SP
702,1021,-23.544601267331373,-46.63253954514836,sao paulo,SP
703,1050,-23.54880166250217,-46.64237336704375,sao paulo,SP
704,1017,-23.54863222315192,-46.63136889537759,sao paulo,SP
705,1031,-23.541997726613936,-46.63482435968365,sao paulo,SP
706,1048,-23.546167438253743,-46.638926759911215,são paulo,SP
707,1032,-23.53804609686077,-46.63465884583635,são paulo,SP
708,1045,-23.54275397723474,-46.64148202608349,sao paulo,SP
709,1017,-23.54981334999131,-46.63035027254893,sao paulo,SP
710,1033,-23.54294999999996,-46.63529999999997,sao paulo,SP
711,1002,-23.54831797807146,-46.63542110199666,sao paulo,SP
712,1023,-23.5390214074384,-46.63072986511052,sao paulo,SP
713,1045,-23.54230306549716,-46.64280268887412,sao paulo,SP
714,1026,-23.53984025062037,-46.6302639919499,sao paulo,SP
715,1050,-23.54896235221301,-46.64394260407413,sao paulo,SP
716,1017,-23.55001091199737,-46.63116636914989,sao paulo,SP
717,1015,-23.54956898779498,-46.62908488080666,são paulo,SP
718,1040,-23.543111356853643,-46.64104437508053,são paulo,SP
719,1042,-23.545322455998683,-46.63972284595194,são paulo,SP
720,1002,-23.548878451007027,-46.634003628224384,sao paulo,SP
721,1032,-23.54180873604943,-46.63504906396794,sao paulo,SP
722,1050,-23.549433308067456,-46.64461567513988,sao paulo,SP
723,1030,-23.538399296150907,-46.632887607680814,sao paulo,SP
724,1037,-23.543137194010004,-46.637608610595,são paulo,SP
725,1003,-23.5489584902063,-46.63486176165939,sao paulo,SP
726,1034,-23.543308492339516,-46.63846917609737,sao paulo,SP
727,1033,-23.536859249235395,-46.635793333342896,sao paulo,SP
728,1014,-23.54636265277865,-46.63367640091752,sao paulo,SP
729,1004,-23.550765432973616,-46.635323406601664,sao paulo,SP
730,1033,-23.540159399936574,-46.63548454731953,são paulo,SP
731,1035,-23.54020455565808,-46.64414705704306,sao paulo,SP
732,1014,-23.54681642028706,-46.63344674886627,são paulo,SP
733,1049,-23.547792310577627,-46.6405883119626,sao paulo,SP
734,1041,-23.54349553981771,-46.64052367831388,sao paulo,SP
735,1005,-23.54947149598929,-46.63740387774824,sao paulo,SP
736,1036,-23.54282808353057,-46.63939930668248,sao paulo,SP
737,1002,-23.548551065785627,-46.63507239078997,sao paulo,SP
738,1027,-23.537863257833735,-46.632533050233725,sao paulo,SP
739,1017,-23.54968991921072,-46.63051281086609,sao paulo,SP
740,1046,-23.545165891770928,-46.643785796266464,sao paulo,SP
741,1050,-23.549844542039416,-46.645819758122194,sao paulo,SP
742,1046,-23.546817419095163,-46.64537999999999,sao paulo,SP
743,1050,-23.548755593946588,-46.642789203733535,sao paulo,SP
744,1012,-23.54691229087077,-46.63494058618495,são paulo,SP
745,1048,-23.547634911449112,-46.641159240637045,sao paulo,SP
746,1045,-23.542925000621707,-46.643423947383695,sao paulo,SP
747,1034,-23.54214394725612,-46.63745558840666,sao paulo,SP
748,1036,-23.541700023861782,-46.64131782056096,sao paulo,SP
749,1027,-23.53801519954993,-46.63194741104508,sao paulo,SP
750,1046,-23.54638197224308,-46.642893706619056,são paulo,SP
751,1032,-23.5398418758395,-46.63514797691531,sao paulo,SP
752,1045,-23.54230306549716,-46.64280268887412,sao paulo,SP
753,1042,-23.54504537246811,-46.640187927145234,sao paulo,SP
754,1009,-23.54693540437998,-46.63658792659698,sao paulo,SP
755,1031,-23.542520789115148,-46.63533516134283,sao paulo,SP
756,1046,-23.54608112703553,-46.64482029837157,sao paulo,SP
757,1009,-23.546340513734236,-46.63623850320264,sao paulo,SP
758,1026,-23.53984025062037,-46.6302639919499,sao paulo,SP
759,1021,-23.544870139332875,-46.6323768953776,sao paulo,SP
760,1026,-23.539439503750906,-46.63306386663973,são paulo,SP
761,1007,-23.550545524842725,-46.63694164071784,sao paulo,SP
762,1046,-23.545165891770928,-46.643785796266464,sao paulo,SP
763,1023,-23.542318875382307,-46.63085321481338,sao paulo,SP
764,1036,-23.543825637515205,-46.637489965577984,sao paulo,SP
765,1048,-23.546871901465792,-46.63943652582367,sao paulo,SP
766,1046,-23.54608112703553,-46.64482029837157,são paulo,SP
767,1050,-23.5506287463212,-46.64334972398863,sao paulo,SP
768,1041,-23.544638172081456,-46.63920081349181,são paulo,SP
769,1027,-23.53801519954993,-46.63194741104508,sao paulo,SP
770,1032,-23.5398418758395,-46.63514797691531,sao paulo,SP
771,1001,-23.550497706907517,-46.63433817805407,sao paulo,SP
772,1023,-23.54408619677996,-46.63215953372953,sao paulo,SP
773,1032,-23.540742303912527,-46.63557063864037,sao paulo,SP
774,1034,-23.542995562878023,-46.63757566934563,sao paulo,SP
775,1035,-23.5439473297362,-46.63739650167344,sao paulo,SP
776,1023,-23.54357074493623,-46.6320114590571,são paulo,SP
777,1036,-23.53975390802412,-46.64480666210705,sao paulo,SP
778,1046,-23.547190641410356,-46.64292284776962,sao paulo,SP
779,1023,-23.54133390452421,-46.63082990175424,sao paulo,SP
780,1027,-23.53785276963473,-46.6304668842691,sao paulo,SP
781,1037,-23.543137194010004,-46.637608610595,sao paulo,SP
782,1007,-23.55009663558197,-46.637934794477474,são paulo,SP
783,1007,-23.55092535858965,-46.63591116180967,sao paulo,SP
784,1026,-23.53984025062037,-46.6302639919499,sao paulo,SP
785,1032,-23.5398418758395,-46.63514797691531,são paulo,SP
786,1006,-23.55052430835593,-46.63669363835193,sao paulo,SP
787,1014,-23.544631844566958,-46.63393720301238,são paulo,SP
788,1041,-23.544184893415704,-46.63966516818631,sao paulo,SP
789,1035,-23.5439473297362,-46.63739650167344,sao paulo,SP
790,1026,-23.539439503750906,-46.63306386663973,sao paulo,SP
791,1025,-23.54048575007861,-46.631982283161,são paulo,SP
792,1047,-23.546774768769357,-46.64251431141433,sao paulo,SP
793,1046,-23.54608112703553,-46.64482029837157,sao paulo,SP
794,1046,-23.54608112703553,-46.64482029837157,são paulo,SP
795,1030,-23.540921999999995,-46.63279105438866,sao paulo,SP
796,1050,-23.54880166250217,-46.64237336704375,sao paulo,SP
797,1026,-23.540654472935568,-46.62894329724743,sao paulo,SP
798,1035,-23.54317293656554,-46.638889149783296,sao paulo,SP
799,1003,-23.5490832616594,-46.63486400979368,sao paulo,SP
800,1050,-23.54985418067981,-46.643139396906825,sao paulo,SP
801,1033,-23.536859249235395,-46.635793333342896,sao paulo,SP
802,1008,-23.5480135387212,-46.63709742838599,são paulo,SP
803,1003,-23.54890065277865,-46.63715701234924,sao paulo,SP
804,1004,-23.54949691534425,-46.63446769386576,sao paulo,SP
805,1049,-23.547837310577627,-46.64099781196259,sao paulo,SP
806,1046,-23.545368575913177,-46.64318283002467,sao paulo,SP
807,1047,-23.54731074271453,-46.64142302885344,sao paulo,SP
808,1018,-23.550218647763327,-46.63188,sao paulo,SP
809,1045,-23.542274609210025,-46.642093554532906,sao paulo,SP
810,1047,-23.54731074271453,-46.64142302885344,sao paulo,SP
811,1017,-23.548851827918533,-46.63120714847948,sao paulo,SP
812,1020,-23.55223547100232,-46.6284406588955,são paulo,SP
813,1046,-23.54608112703553,-46.64482029837157,sao paulo,SP
814,1014,-23.54533828642738,-46.63358224756194,sao paulo,SP
815,1010,-23.547806958346342,-46.63612181853806,são paulo,SP
816,1050,-23.548604522332575,-46.6413613266778,sao paulo,SP
817,1042,-23.545394591176624,-46.63971870122335,são paulo,SP
818,1001,-23.551336655288804,-46.63402699777831,sao paulo,SP
819,1038,-23.543672416325197,-46.63971305453289,sao paulo,SP
820,1009,-23.54693540437998,-46.63658792659698,sao paulo,SP
821,1004,-23.549534948092827,-46.63430666833054,sao paulo,SP
822,1046,-23.54639669248079,-46.64305934055624,sao paulo,SP
823,1019,-23.552151883432384,-46.63080224715792,são paulo,SP
824,1008,-23.54492410742101,-46.6352808852214,sao paulo,SP
825,1044,-23.544572343874464,-46.64233174034858,sao paulo,SP
826,1036,-23.54017642681272,-46.64415913591924,sao paulo,SP
827,1002,-23.548878451007027,-46.634003628224384,sao paulo,SP
828,1046,-23.54535489177092,-46.64401432180168,sao paulo,SP
829,1009,-23.546340513734236,-46.63623850320264,sao paulo,SP
830,1009,-23.546340513734236,-46.63623850320264,sao paulo,SP
831,1050,-23.549009406053425,-46.64281228183975,sao paulo,SP
832,1017,-23.5492954052167,-46.63207469510652,sao paulo,SP
833,1008,-23.54469506356392,-46.63508137079466,sao paulo,SP
834,1041,-23.544638172081456,-46.63920081349181,são paulo,SP
835,1036,-23.54282808353057,-46.63939930668248,sao paulo,SP
836,1013,-23.547686322234377,-46.6341397692307,sao paulo,SP
837,1033,-23.54077242862274,-46.63658627751788,sao paulo,SP
838,1045,-23.542487362746503,-46.64293486717402,sao paulo,SP
839,1046,-23.546817419095163,-46.64537999999999,sao paulo,SP
840,1017,-23.5492954052167,-46.63207469510652,sao paulo,SP
841,1036,-23.54045127670386,-46.64357021994927,sao paulo,SP
842,1039,-23.5417538351319,-46.63976074078128,sao paulo,SP
843,1049,-23.54877762753189,-46.6404970552254,sao paulo,SP
844,1043,-23.544734636418685,-46.64252349042071,sao paulo,SP
845,1050,-23.54880166250217,-46.64237336704375,sao paulo,SP
846,1042,-23.54505164917197,-46.64007245239201,sao paulo,SP
847,1019,-23.5522679089676,-46.630692214409336,sao paulo,SP
848,1037,-23.546462574239737,-46.64014529975757,sao paulo,SP
849,1049,-23.547792310577627,-46.6405883119626,são paulo,SP
850,1046,-23.54608112703553,-46.64482029837157,sao paulo,SP
851,1001,-23.5498252739339,-46.63396956010149,sao paulo,SP
852,1035,-23.5439473297362,-46.63739650167344,sao paulo,SP
853,1003,-23.548939576172973,-46.63678795989381,sao paulo,SP
854,1014,-23.546460394396654,-46.63409123397196,sao paulo,SP
855,1019,-23.551387491805688,-46.63143237370885,sao paulo,SP
856,1015,-23.54956898779498,-46.62908488080666,sao paulo,SP
857,1046,-23.54608112703553,-46.64482029837157,sao paulo,SP
858,1050,-23.548487627243432,-46.640686594090816,sao paulo,SP
859,1026,-23.539439503750906,-46.63306386663973,são paulo,SP
860,1033,-23.540159399936574,-46.63548454731953,sao paulo,SP
861,1032,-23.5398418758395,-46.63514797691531,sao paulo,SP
862,1027,-23.53801519954993,-46.63194741104508,sao paulo,SP
863,1049,-23.54530659310986,-46.636994571065735,sao paulo,SP
864,1001,-23.5498252739339,-46.63396956010149,sao paulo,SP
865,1048,-23.54651984318198,-46.6392350841075,sao paulo,SP
866,1048,-23.547634911449112,-46.641159240637045,sao paulo,SP
867,1032,-23.54162040605342,-46.63581283291019,sao paulo,SP
868,1035,-23.54020455565808,-46.64414705704306,sao paulo,SP
869,1042,-23.545394591176624,-46.63971870122335,sao paulo,SP
870,1050,-23.54960349096896,-46.64500836456226,sao paulo,SP
871,1011,-23.546690486964888,-46.6354469588072,sao paulo,SP
872,1033,-23.53805926617227,-46.63596154951257,sao paulo,SP
873,1003,-23.54904445268046,-46.63518261226844,sao paulo,SP
874,1037,-23.544926340816048,-46.63828813168683,sao paulo,SP
875,1017,-23.548851827918533,-46.63120714847948,sao paulo,SP
876,1016,-23.54849512877264,-46.633490627676125,sao paulo,SP
877,1050,-23.54874766250217,-46.64239136704376,são paulo,SP
878,1011,-23.547639550320632,-46.63603162315495,sao paulo,SP
879,1010,-23.54565700582837,-46.63457024562871,sao paulo,SP
880,1021,-23.542808668330554,-46.63237940994856,sao paulo,SP
881,1034,-23.54214394725612,-46.63745558840666,sao paulo,SP
882,1050,-23.5489498215419,-46.64192751526344,sao paulo,SP
883,1041,-23.54320753981771,-46.64090617831388,são paulo,SP
884,1048,-23.547448918662464,-46.64016924063704,sao paulo,SP
885,1026,-23.53984025062037,-46.6302639919499,sao paulo,SP
886,1032,-23.54159273604942,-46.63525058950317,sao paulo,SP
887,1009,-23.54693540437998,-46.63658792659698,sao paulo,SP
888,1010,-23.54536151393884,-46.6346895341229,sao paulo,SP
889,1007,-23.547654602971303,-46.6370363970287,sao paulo,SP
890,1014,-23.54533828642738,-46.63358224756194,sao paulo,SP
891,1013,-23.547307871775622,-46.634251279358246,sao paulo,SP
892,1014,-23.546940580846677,-46.633311921420805,sao paulo,SP
893,1046,-23.545368575913177,-46.64318283002467,sao paulo,SP
894,1042,-23.545322455998683,-46.63972284595194,são paulo,SP
895,1022,-23.54452462975358,-46.631461751457095,sao paulo,SP
896,1020,-23.55253336164808,-46.62960898251487,sao paulo,SP
897,1001,-23.54929199999999,-46.633559478233785,sao paulo,SP
898,1011,-23.546690486964888,-46.6354469588072,são paulo,SP
899,1046,-23.54639669248079,-46.64305934055624,sao paulo,SP
900,1034,-23.54195600553992,-46.63716661394188,sao paulo,SP
901,1006,-23.5495063030758,-46.63622549584506,sao paulo,SP
902,1014,-23.545948945322863,-46.63350149901904,sao paulo,SP
903,1050,-23.548722622251763,-46.64376241424774,sao paulo,SP
904,1007,-23.550776601448405,-46.63639141479597,sao paulo,SP
905,1020,-23.552549496537548,-46.63163152553523,sao paulo,SP
906,1019,-23.55188848459232,-46.63008934096028,sao paulo,SP
907,1020,-23.552495528997667,-46.63206,sao paulo,SP
908,1039,-23.539819023861785,-46.63696720497428,são paulo,SP
909,1050,-23.5489498215419,-46.64192751526344,sao paulo,SP
910,1022,-23.54448617790984,-46.6329062463212,sao paulo,SP
911,1044,-23.546454307519205,-46.64084532056096,sao paulo,SP
912,1001,-23.550497706907517,-46.63433817805407,sao paulo,SP
913,1012,-23.54711929087078,-46.63488111172018,sao paulo,SP
914,1046,-23.54612896641469,-46.64295148361138,sao paulo,SP
915,1050,-23.54891736303305,-46.642520665704815,sao paulo,SP
916,1026,-23.54131233975484,-46.62849025456588,sao paulo,SP
917,1020,-23.55253336164808,-46.62960898251487,sao paulo,SP
918,1004,-23.54918138051819,-46.63482185844542,sao paulo,SP
919,1017,-23.54968991921072,-46.63051281086609,sao paulo,SP
920,1040,-23.54160305551385,-46.63921551887013,sao paulo,SP
921,1009,-23.549074826533555,-46.63756198557327,são paulo,SP
922,1050,-23.549009406053425,-46.64281228183975,sao paulo,SP
923,1046,-23.54608112703553,-46.64482029837157,sao paulo,SP
924,1014,-23.54562569969416,-46.63354191520002,são paulo,SP
925,1033,-23.53784452510254,-46.634192025535214,sao paulo,SP
926,1047,-23.546888214265117,-46.64145011267249,sao paulo,SP
927,1011,-23.547639550320632,-46.63603162315495,sao paulo,SP
928,1034,-23.54219510713256,-46.63650368497896,sao paulo,SP
929,1009,-23.54693540437998,-46.63658792659698,sao paulo,SP
930,1039,-23.54020961780837,-46.6375457035893,sao paulo,SP
931,1014,-23.546496164031375,-46.63345994991051,sao paulo,SP
932,1046,-23.54608112703553,-46.64482029837157,sao paulo,SP
933,1005,-23.548779492642403,-46.63830268942238,sao paulo,SP
934,1043,-23.546844062727214,-46.64062845559464,são paulo,SP
935,1011,-23.547639550320632,-46.63603162315495,sao paulo,SP
936,1028,-23.53511468388245,-46.63664864293957,sao paulo,SP
937,1005,-23.54968972289983,-46.63671905572496,sao paulo,SP
938,1046,-23.54510615208616,-46.64381018541167,são paulo,SP
939,1039,-23.5406861987132,-46.638296449218,sao paulo,SP
940,1031,-23.54418999999996,-46.63628999999997,sao paulo,SP
941,1032,-23.54246023535693,-46.63618792951116,sao paulo,SP
942,1045,-23.541794423538555,-46.64277789439665,sao paulo,SP
943,1044,-23.547276880373964,-46.6399237790698,sao paulo,SP
944,1033,-23.540703589791637,-46.63794453344108,são paulo,SP
945,1009,-23.546340513734236,-46.63623850320264,sao paulo,SP
946,1050,-23.54985418067981,-46.643139396906825,sao paulo,SP
947,1047,-23.54573684263371,-46.640483743407,sao paulo,SP
948,1050,-23.54891736303305,-46.642520665704815,sao paulo,SP
949,1026,-23.53925652899767,-46.63344052553524,sao paulo,SP
950,1029,-23.539608953372944,-46.63291093450282,sao paulo,SP
951,1039,-23.541971951699512,-46.64003196670314,sao paulo,SP
952,1007,-23.54816615573512,-46.63823833081751,são paulo,SP
953,1032,-23.540505663338884,-46.63541486857297,sao paulo,SP
954,1005,-23.54875839078997,-46.6384109454671,sao paulo,SP
955,1031,-23.542520789115148,-46.63533516134283,sao paulo,SP
956,1037,-23.54609337468981,-46.63975918581568,sao paulo,SP
957,1038,-23.544139809596672,-46.64041077352986,sao paulo,SP
958,1004,-23.549534948092827,-46.63430666833054,sao paulo,SP
959,1047,-23.545678222863444,-46.64050974216626,sao paulo,SP
960,1027,-23.53821280045007,-46.63137061449015,sao paulo,SP
961,1014,-23.547082268784923,-46.63340844117833,sao paulo,SP
962,1006,-23.550317224536894,-46.63660363835193,são paulo,SP
963,1007,-23.55033958312654,-46.63744114071786,sao paulo,SP
964,1020,-23.552482452132203,-46.62938955675458,sao paulo,SP
965,1014,-23.54631891978764,-46.63343055730286,são paulo,SP
966,1030,-23.537239491257424,-46.63298206549715,sao paulo,SP
967,1005,-23.549980033585307,-46.63476783166945,sao paulo,SP
968,1010,-23.54536151393884,-46.6346895341229,sao paulo,SP
969,1033,-23.53784452510254,-46.634192025535214,sao paulo,SP
970,1046,-23.545368575913177,-46.64318283002467,sao paulo,SP
971,1046,-23.54535489177092,-46.64401432180168,sao paulo,SP
972,1033,-23.540159399936574,-46.63548454731953,sao paulo,SP
973,1040,-23.540876706359263,-46.6382183104334,sao paulo,SP
974,1031,-23.538803228143564,-46.63400117583238,sao paulo,SP
975,1038,-23.54434011379765,-46.6405521865082,sao paulo,SP
976,1050,-23.54985418067981,-46.643139396906825,sao paulo,SP
977,1027,-23.53777113044608,-46.629418551907165,sao paulo,SP
978,1004,-23.54963705912052,-46.634056831669454,sao paulo,SP
979,1042,-23.54504537246811,-46.640187927145234,sao paulo,SP
980,1027,-23.538876611431725,-46.62859298320734,são paulo,SP
981,1046,-23.54510615208616,-46.64381018541167,sao paulo,SP
982,1050,-23.54985418067981,-46.643139396906825,são paulo,SP
983,1037,-23.54518734081604,-46.63785524104107,sao paulo,SP
984,1027,-23.53802389508915,-46.62946591534425,são paulo,SP
985,1001,-23.550497706907517,-46.63433817805407,sao paulo,SP
986,1012,-23.54774227061568,-46.63519853788446,sao paulo,SP
987,1033,-23.540796722482117,-46.63647342862273,sao paulo,SP
988,1048,-23.54717011601936,-46.639570390501504,sao paulo,SP
989,1050,-23.548722622251763,-46.64376241424774,sao paulo,SP
990,1020,-23.552494470713864,-46.631394,sao paulo,SP
991,1007,-23.55009663558197,-46.637934794477474,sao paulo,SP
992,1020,-23.552482452132203,-46.62938955675458,sao paulo,SP
993,1050,-23.54985418067981,-46.643139396906825,sao paulo,SP
994,1035,-23.54189541355524,-46.6410738923192,sao paulo,SP
995,1050,-23.5489498215419,-46.64192751526344,sao paulo,SP
996,1046,-23.545368575913177,-46.64318283002467,sao paulo,SP
997,1002,-23.548551065785627,-46.63507239078997,sao paulo,SP
998,1004,-23.550202089647414,-46.63522084915459,sao paulo,SP
999,1022,-23.544318781579957,-46.63085444477461,sao paulo,SP
